<NotepadPlus>
    <UserLang name="JowoScript Technology" ext="jowo" udlVersion="2.1">
        <Settings>
            <Global caseIgnored="no" allowFoldOfComments="no" foldCompact="no" forcePureLC="0" decimalSeparator="2" />
            <Prefix Keywords1="no" Keywords2="no" Keywords3="no" Keywords4="no" Keywords5="no" Keywords6="no" Keywords7="no" Keywords8="no" />
        </Settings>
        <KeywordLists>
            <Keywords name="Comments">00// 01 02 03/* 04*/</Keywords>
            <Keywords name="Numbers, prefix1"></Keywords>
            <Keywords name="Numbers, prefix2"></Keywords>
            <Keywords name="Numbers, extras1"></Keywords>
            <Keywords name="Numbers, extras2"></Keywords>
            <Keywords name="Numbers, suffix1"></Keywords>
            <Keywords name="Numbers, suffix2"></Keywords>
            <Keywords name="Numbers, range"></Keywords>
            <Keywords name="Operators1">( ) , : ; [ ] &lt; = &gt;  . ? + - * / % &amp; | ^ ! ~ @ # { }</Keywords>
            <Keywords name="Operators2"></Keywords>
            <Keywords name="Folders in code1, open"></Keywords>
            <Keywords name="Folders in code1, middle"></Keywords>
            <Keywords name="Folders in code1, close"></Keywords>
            <Keywords name="Folders in code2, open"></Keywords>
            <Keywords name="Folders in code2, middle"></Keywords>
            <Keywords name="Folders in code2, close"></Keywords>
            <Keywords name="Folders in comment, open">/*</Keywords>
            <Keywords name="Folders in comment, middle"></Keywords>
            <Keywords name="Folders in comment, close">*/</Keywords>
            <Keywords name="Keywords1">equal greaterThan</Keywords>
            <Keywords name="Keywords2">equal greaterThan lessThan </Keywords>
            <Keywords name="Keywords3">chain width lessThan marginLeft click textColor title append load background css fontSize createHTML radius textSize customeScroll scroll scrollY mouseMoveOut fal tru removeCss small textCenter</Keywords>
            <Keywords name="Keywords4">abstract async await boolean break byte case catch char class const continue debugger default delete do double else enum export extends final finally float for function goto if implements import in instanceof int interface let long native new null of package private protected public return short static super switch synchronized this throw throws transient try typeof var void volatile while with true false prototype yield</Keywords>
            <Keywords name="Keywords5">Date eval hasOwnProperty Infinity isFinite isNaN isPrototypeOf Math NaN Number Object prototype String toString undefined valueOf</Keywords>
            <Keywords name="Keywords6">JArray Array</Keywords>
            <Keywords name="Keywords7">JArray Array</Keywords>
            <Keywords name="Keywords8">alert all anchor anchors area assign blur button checkbox clearInterval clearTimeout clientInformation close closed confirm constructor crypto decodeURI decodeURIComponent defaultStatus document element elements embed embeds encodeURI encodeURIComponent escape event fileUpload focus form forms frame innerHeight innerWidth layer layers link location mimeTypes navigate navigator frames frameRate hidden history image images offscreenBuffering onblur onclick onerror onfocus onkeydown onkeypress onkeyup onmouseover onload onmouseup onmousedown onsubmit open opener option outerHeight outerWidth packages pageXOffset pageYOffset parent parseFloat parseInt password pkcs11 plugin prompt propertyIsEnum radio reset screenX screenY scroll secure select self setInterval setTimeout status submit taint text textarea top unescape untaint window</Keywords>
            <Keywords name="Delimiters">00&apos; 01 02&apos; 03&quot; 04 05&quot; 06[[ 07 08]] 09&lt;&lt; 10 11&gt;&gt; 12 13 14 15 16 17 18 19 20 21 22 23</Keywords>
        </KeywordLists>
        <Styles>
            <WordsStyle name="DEFAULT" fgColor="000000" bgColor="FFFFFF" colorStyle="1" fontStyle="0" fontSize="" nesting="0" />
            <WordsStyle name="NUMBERS" fgColor="FF0000" bgColor="FFFFFF" colorStyle="1" fontStyle="1" fontSize="" nesting="0" />
            <WordsStyle name="OPERATORS" fgColor="FF0000" bgColor="FFFFFF" colorStyle="1" fontStyle="0" fontSize="" nesting="0" />
            <WordsStyle name="COMMENTS" fgColor="FF0000" bgColor="FFFFFF" colorStyle="1" fontStyle="0" fontSize="" nesting="0" />
            <WordsStyle name="LINE COMMENTS" fgColor="FF0000" bgColor="FFFFFF" colorStyle="1" fontStyle="0" fontSize="" nesting="0" />
            <WordsStyle name="KEYWORDS1" fgColor="000080" bgColor="FFFFFF" colorStyle="1" fontStyle="0" nesting="0" />
            <WordsStyle name="KEYWORDS2" fgColor="0000FF" bgColor="FFFFFF" colorStyle="1" fontStyle="0" nesting="0" />
            <WordsStyle name="KEYWORDS3" fgColor="0000FF" bgColor="FFFFFF" colorStyle="1" fontStyle="0" nesting="0" />
            <WordsStyle name="KEYWORDS4" fgColor="0000FF" bgColor="FFFFFF" colorStyle="1" fontStyle="0" nesting="0" />
            <WordsStyle name="KEYWORDS5" fgColor="000080" bgColor="FFFFFF" colorStyle="1" fontStyle="0" nesting="0" />
            <WordsStyle name="KEYWORDS6" fgColor="804000" bgColor="FFFFFF" colorStyle="1" fontStyle="0" nesting="0" />
            <WordsStyle name="KEYWORDS7" fgColor="804000" bgColor="FFFFFF" colorStyle="1" fontStyle="0" nesting="0" />
            <WordsStyle name="KEYWORDS8" fgColor="FF0000" bgColor="FFFFFF" colorStyle="1" fontStyle="1" nesting="0" />
            <WordsStyle name="FOLDER IN CODE1" fgColor="000000" bgColor="FFFFFF" colorStyle="1" fontStyle="0" nesting="0" />
            <WordsStyle name="FOLDER IN CODE2" fgColor="000000" bgColor="FFFFFF" colorStyle="1" fontStyle="0" nesting="0" />
            <WordsStyle name="FOLDER IN COMMENT" fgColor="FF0000" bgColor="FFFFFF" colorStyle="1" fontStyle="0" nesting="0" />
            <WordsStyle name="DELIMITERS1" fgColor="008080" bgColor="FFFFFF" colorStyle="1" fontStyle="0" nesting="0" />
            <WordsStyle name="DELIMITERS2" fgColor="008080" bgColor="FFFFFF" colorStyle="1" fontStyle="0" nesting="0" />
            <WordsStyle name="DELIMITERS3" fgColor="000000" bgColor="FFFFFF" colorStyle="1" fontStyle="0" nesting="0" />
            <WordsStyle name="DELIMITERS4" fgColor="000000" bgColor="FFFFFF" colorStyle="1" fontStyle="0" nesting="0" />
            <WordsStyle name="DELIMITERS5" fgColor="000080" bgColor="FFFFFF" colorStyle="1" fontStyle="0" nesting="117702400" />
            <WordsStyle name="DELIMITERS6" fgColor="000080" bgColor="FFFFFF" colorStyle="1" fontStyle="0" nesting="117702655" />
            <WordsStyle name="DELIMITERS7" fgColor="000000" bgColor="FFFFFF" fontStyle="0" nesting="0" />
            <WordsStyle name="DELIMITERS8" fgColor="000000" bgColor="FFFFFF" fontStyle="0" nesting="0" />
        </Styles>
    </UserLang>
</NotepadPlus>
